{"cameraMode":{"drawMode":0,"name":"Shaded","section":"Shading Mode"},"sceneLighting":true,"audioPlay":false,"sceneViewState":{"m_AlwaysRefresh":false,"showFog":true,"showSkybox":true,"showFlares":true,"showImageEffects":true,"showParticleSystems":true,"showVisualEffectGraphs":true,"m_FxEnabled":true},"in2DMode":false,"pivot":{"x":-11.584076881408692,"y":56.19647979736328,"z":105.59085083007813},"rotation":{"x":-0.015337828546762467,"y":0.8342880606651306,"z":-0.022597964853048326,"w":-0.5508759617805481},"size":15.789063453674317,"orthographic":false}